任务ID,阶段,交付范围,证据ID,设计和夹具可开始,合并或退出依赖,责任角色,退出条件,实施状态,实施证据,代码交付责任,用户验证责任
B00,M0/M1,冻结支持矩阵、原套件与36反例基线,全部,B00后；B00本身无前置,无,TL/QA,正确性回归红灯可复现、未验项登记,支持范围、历史基线及反例登记已完成；同源六组统一门禁全部通过（go/race/web/static/security/release-tools）；用户实机验收不计入自动化通过,implementation/phase2-verification.md；implementation/evidence/phase2-verification-results.json,实施方,待用户验收：确认自身设备/供应商组合后执行对应矩阵
B01,M0/M1,UoW panic/rollback与健康降级,SYS-01/07,B00后；B00本身无前置,B00,BE,事务异常后连接恢复或明确隔离,代码实现与专项回归通过；同源六组统一门禁全部通过（go/race/web/static/security/release-tools）；用户实机验收不计入自动化通过,implementation/phase2-system.md；implementation/evidence/phase2-verification-results.json,实施方,待用户验收：真机/真实外部服务或正式部署适用项；不代替代码门禁
B02,M0/M1,全入口能力判定与撤权epoch,EXT-01；SYS-03,B00后；B00本身无前置,B00,BE/SEC,停用后所有适用入口零执行,代码实现与专项回归通过；同源六组统一门禁全部通过（go/race/web/static/security/release-tools）；用户实机验收不计入自动化通过,implementation/phase2-extensions.md；implementation/evidence/phase2-verification-results.json,实施方,待用户验收：真机/真实外部服务或正式部署适用项；不代替代码门禁
B03,M0/M1,CC目标绑定、取消、急停与intent/receipt,CPA-10/11/12,B00后；B00本身无前置,B01/B02,BE/QA,四个探针转绿，真机急停门槛满足,代码实现与专项回归通过；同源六组统一门禁全部通过（go/race/web/static/security/release-tools）；用户实机验收不计入自动化通过,implementation/phase2-projects.md；implementation/evidence/phase2-verification-results.json,实施方,待用户验收：真机/真实外部服务或正式部署适用项；不代替代码门禁
B04,M0/M1,DSN规范化、显式数据库写权限/幂等,SYS-02/03/09,B00后；B00本身无前置,B01/B02,BE/SEC,地址覆盖/手动审批写零绕过,代码实现与专项回归通过；同源六组统一门禁全部通过（go/race/web/static/security/release-tools）；用户实机验收不计入自动化通过,implementation/phase2-system.md；implementation/evidence/phase2-verification-results.json,实施方,待用户验收：真机/真实外部服务或正式部署适用项；不代替代码门禁
B05,M0/M1,同事发送者/群/文件帧范围校验,SYS-04,B00后；B00本身无前置,B00,BE/SEC,两个探针转绿，跨成员矩阵通过,代码实现与专项回归通过；同源六组统一门禁全部通过（go/race/web/static/security/release-tools）；用户实机验收不计入自动化通过,implementation/phase2-system.md；implementation/evidence/phase2-verification-results.json,实施方,待用户验收：真机/真实外部服务或正式部署适用项；不代替代码门禁
B06,M0/M1,依赖告警修复与前端渲染预算,SYS-06,B00后；B00本身无前置,B00,FE/QA,锁文件扫描审查、图形恶意输入受控,代码实现与专项回归通过；同源六组统一门禁全部通过（go/race/web/static/security/release-tools）；用户实机验收不计入自动化通过；npm audit 0 项，govulncheck 可达告警0、模块级提示1（GO-2026-5932）独立登记,implementation/phase2-conversation.md；implementation/evidence/phase2-verification-results.json,实施方,待用户验收：真机/真实外部服务或正式部署适用项；不代替代码门禁
B07,M0/M1,移除假成功/假扫描；准确能力文案,EXT-03/05/14；CVM-11,B00后；B00本身无前置,B00,FE/BE,生产无mock扫描，界面状态有依据,代码实现与专项回归通过；同源六组统一门禁全部通过（go/race/web/static/security/release-tools）；用户实机验收不计入自动化通过,implementation/phase2-extensions.md；implementation/evidence/phase2-verification-results.json,实施方,待用户验收：真机/真实外部服务或正式部署适用项；不代替代码门禁
C01,M2,多turn持久恢复、旧checkpoint导入,CVM-01,B00后；B00本身无前置,B01,BE/FE,多轮落盘失败跨重启不丢,代码实现与专项回归通过；同源六组统一门禁全部通过（go/race/web/static/security/release-tools）；用户实机验收不计入自动化通过,implementation/phase2-conversation.md；implementation/phase2-queue.md；implementation/evidence/phase2-verification-results.json,实施方,待用户验收：真机/真实外部服务或正式部署适用项；不代替代码门禁
C02,M2,PCM分片/有界队列/尾帧契约共享,CVM-02,B00后；B00本身无前置,B00,FE/BE,所有默认链帧契约一致,代码实现与专项回归通过；同源六组统一门禁全部通过（go/race/web/static/security/release-tools）；用户实机验收不计入自动化通过,implementation/phase2-conversation.md；implementation/evidence/phase2-verification-results.json,实施方,待用户验收：真机/真实外部服务或正式部署适用项；不代替代码门禁
C03,M2,捕获/播放租约、立即停止与终态清理,CVM-03/09,B00后；B00本身无前置,C02,FE,所有结束路径设备释放目标达成,代码实现与专项回归通过；同源六组统一门禁全部通过（go/race/web/static/security/release-tools）；用户实机验收不计入自动化通过,implementation/phase2-conversation.md；implementation/evidence/phase2-verification-results.json,实施方,待用户验收：真机/真实外部服务或正式部署适用项；不代替代码门禁
C04,M2,会议revision/局部更新/摘要源版本,CVM-04/06,B00后；B00本身无前置,B01,BE/FE,交错写不回退、不覆盖人工稿,代码实现与专项回归通过；同源六组统一门禁全部通过（go/race/web/static/security/release-tools）；用户实机验收不计入自动化通过,implementation/phase2-conversation.md；implementation/phase2-meetings-acceptance.md；implementation/evidence/phase2-verification-results.json,实施方,待用户验收：真机/真实外部服务或正式部署适用项；不代替代码门禁
C05,M2,录音manifest、补转写区间、保留源段,CVM-05/07/10,B00后；B00本身无前置,C02/C03/C04,BE/FE,600故障用例完整或标明缺口,代码实现与专项回归通过；同源六组统一门禁全部通过（go/race/web/static/security/release-tools）；用户实机验收不计入自动化通过,implementation/phase2-conversation.md；implementation/phase2-meetings-acceptance.md；implementation/evidence/phase2-verification-results.json,实施方,待用户验收：真机/真实外部服务或正式部署适用项；不代替代码门禁
C06,M4,realtime历史与handoff幂等,CVM-08,B00后；B00本身无前置,C01/C03,BE/FE,20轮重连/退出历史一致,代码实现与专项回归通过；同源六组统一门禁全部通过（go/race/web/static/security/release-tools）；用户实机验收不计入自动化通过,implementation/phase2-conversation.md；implementation/evidence/phase2-verification-results.json,实施方,待用户验收：真机/真实外部服务或正式部署适用项；不代替代码门禁
P01,M1/M2,项目唯一审计ID和完整payload幂等,CPA-01/02,B00后；B00本身无前置,B01,BE,100次更新与重放符合契约,代码实现与专项回归通过；同源六组统一门禁全部通过（go/race/web/static/security/release-tools）；用户实机验收不计入自动化通过,implementation/phase2-projects.md；implementation/evidence/phase2-verification-results.json,实施方,待用户验收：真机/真实外部服务或正式部署适用项；不代替代码门禁
P02,M1/M2,原子阶段完成与交付物门禁,CPA-03,B00后；B00本身无前置,P01/B02,BE/FE,跳步拒绝；故障零部分推进,代码实现与专项回归通过；同源六组统一门禁全部通过（go/race/web/static/security/release-tools）；用户实机验收不计入自动化通过,implementation/phase2-projects.md；implementation/evidence/phase2-verification-results.json,实施方,待用户验收：真机/真实外部服务或正式部署适用项；不代替代码门禁
P03,M1/M2,原子阶段计划、节点/父计划状态机,CPA-07/08/09/20,B00后；B00本身无前置,P01,BE/FE,根节点/暂停/失败聚合/跨阶段正确,代码实现与专项回归通过；同源六组统一门禁全部通过（go/race/web/static/security/release-tools）；用户实机验收不计入自动化通过,implementation/phase2-projects.md；implementation/evidence/phase2-verification-results.json,实施方,待用户验收：真机/真实外部服务或正式部署适用项；不代替代码门禁
P04,M4,计划到现有agentrun执行及证据回执,CPA-19,B00后；B00本身无前置,P02/P03/E09,BE/QA,有真实run/产物验证才标执行完成,代码实现与专项回归通过；同源六组统一门禁全部通过（go/race/web/static/security/release-tools）；用户实机验收不计入自动化通过,implementation/phase2-projects.md；implementation/evidence/phase2-verification-results.json,实施方,待用户验收：真机/真实外部服务或正式部署适用项；不代替代码门禁
P05,M1/M2,资产分片ACK、完成态、创建幂等/GC/分页,CPA-04/05/06/17/18,B00后；B00本身无前置,B01,BE/FE,一逻辑上传/创建仅一份成品,代码实现与专项回归通过；同源六组统一门禁全部通过（go/race/web/static/security/release-tools）；用户实机验收不计入自动化通过,implementation/phase2-projects.md；implementation/evidence/phase2-verification-results.json,实施方,待用户验收：真机/真实外部服务或正式部署适用项；不代替代码门禁
E01,M3,MCP生命周期/真实健康/撤权/硬池容量,EXT-02/05/13,B00后；B00本身无前置,B02,BE,删除立即不可调用；池上限硬约束,代码实现与专项回归通过；同源六组统一门禁全部通过（go/race/web/static/security/release-tools）；用户实机验收不计入自动化通过,implementation/phase2-extensions.md；implementation/evidence/phase2-verification-results.json,实施方,待用户验收：真机/真实外部服务或正式部署适用项；不代替代码门禁
E02,M3,MCP认证租约、schema身份pin、版本锁,EXT-06/07/15,B00后；B00本身无前置,E01,BE/SEC,漂移/401/轮换/撤销矩阵通过,代码实现与专项回归通过；同源六组统一门禁全部通过（go/race/web/static/security/release-tools）；用户实机验收不计入自动化通过,implementation/phase2-extensions.md；implementation/evidence/phase2-verification-results.json,实施方,待用户验收：真机/真实外部服务或正式部署适用项；不代替代码门禁
E03,M3,后端真实技能导入与统一运行目录,EXT-03,B00后；B00本身无前置,B07/B01,BE/FE,导入到实际invoke贯通,代码实现与专项回归通过；同源六组统一门禁全部通过（go/race/web/static/security/release-tools）；用户实机验收不计入自动化通过,implementation/phase2-extensions.md；implementation/evidence/phase2-verification-results.json；implementation/extensions-progress.md,实施方,待用户验收：真机/真实外部服务或正式部署适用项；不代替代码门禁
E04,M3,技能客户端rev、删除冲突与版本展示,EXT-04,B00后；B00本身无前置,B01,BE/FE,A/B旧版本编辑/删除均冲突,代码实现与专项回归通过；同源六组统一门禁全部通过（go/race/web/static/security/release-tools）；用户实机验收不计入自动化通过,implementation/phase2-extensions.md；implementation/evidence/phase2-verification-results.json；implementation/extensions-progress.md,实施方,待用户验收：真机/真实外部服务或正式部署适用项；不代替代码门禁
E05,M3,能力包服务端引用图与可恢复安装卸载,EXT-08/14,B00后；B00本身无前置,E01/E03/E04,BE/FE,共享依赖保留；清缓存/重启可恢复,代码实现与专项回归通过；同源六组统一门禁全部通过（go/race/web/static/security/release-tools）；用户实机验收不计入自动化通过,implementation/phase2-extensions.md；implementation/evidence/phase2-verification-results.json,实施方,待用户验收：真机/真实外部服务或正式部署适用项；不代替代码门禁
E06,M3,专家正文/版本/装备一致提交与解析,EXT-09,B00后；B00本身无前置,B01/E04,BE/FE,任意写失败不推进损坏版本,代码实现与专项回归通过；同源六组统一门禁全部通过（go/race/web/static/security/release-tools）；用户实机验收不计入自动化通过,implementation/phase2-extensions.md；implementation/evidence/phase2-verification-results.json,实施方,待用户验收：真机/真实外部服务或正式部署适用项；不代替代码门禁
E07,M3,知识current/source身份/有效期与查新,EXT-10,B00后；B00本身无前置,E06,BE,新版替代后旧版默认零命中,代码实现与专项回归通过；同源六组统一门禁全部通过（go/race/web/static/security/release-tools）；用户实机验收不计入自动化通过,implementation/phase2-knowledge.md；implementation/evidence/phase2-verification-results.json,实施方,待用户验收：真机/真实外部服务或正式部署适用项；不代替代码门禁
E08,M3,严格引用验证、解析job、大小预算,EXT-11/12/16,B00后；B00本身无前置,E07,BE/FE,假引用拒绝；失败文档可查可重试,代码实现与专项回归通过；同源六组统一门禁全部通过（go/race/web/static/security/release-tools）；用户实机验收不计入自动化通过,implementation/phase2-knowledge.md；implementation/evidence/phase2-verification-results.json,实施方,待用户验收：真机/真实外部服务或正式部署适用项；不代替代码门禁
E09,M4,复用命令/终端执行资源；验证浏览器网络与文件路径边界并修复实证偏差,CPA-13/14/15/21/22/23,B00后；B00本身无前置,B02,BE/QA,输出/取消有界；网络和文件拒绝零越界副作用,代码实现与专项回归通过；同源六组统一门禁全部通过（go/race/web/static/security/release-tools）；用户实机验收不计入自动化通过,implementation/phase2-browser-execution.md；implementation/phase2-webview-close.md；implementation/evidence/phase2-verification-results.json,实施方,待用户验收：真机/真实外部服务或正式部署适用项；不代替代码门禁
S01,M3/M4,设置appliedRevision与前后端状态真值,SYS-09；跨模块,B00后；B00本身无前置,B04/E01,FE/BE,保存/生效/失败状态准确,代码实现与专项回归通过；同源六组统一门禁全部通过（go/race/web/static/security/release-tools）；用户实机验收不计入自动化通过,implementation/phase2-system.md；implementation/evidence/phase2-verification-results.json,实施方,待用户验收：真机/真实外部服务或正式部署适用项；不代替代码门禁
S02,M3/M4,统一缓存失效/cursor/generation与当前版本,跨模块；EXT-10,B00后；B00本身无前置,C04/E07/P02,FE/BE,切上下文与迟到回包零污染,代码实现与专项回归通过；同源六组统一门禁全部通过（go/race/web/static/security/release-tools）；用户实机验收不计入自动化通过,implementation/phase2-verification.md；implementation/evidence/phase2-verification-results.json,实施方,待用户验收：真机/真实外部服务或正式部署适用项；不代替代码门禁
S03,M3/M4,分能力readiness、trace与审计自检,SYS-07/08,B00后；B00本身无前置,B01/E01,BE/QA,故障能定位模块与operation,代码实现与专项回归通过；同源六组统一门禁全部通过（go/race/web/static/security/release-tools）；用户实机验收不计入自动化通过,implementation/phase2-system.md；implementation/evidence/phase2-verification-results.json,实施方,待用户验收：真机/真实外部服务或正式部署适用项；不代替代码门禁
S04,M3/M4,DB+引用文件备份/恢复与启动对账,SYS-08,B00后；B00本身无前置,C05/P05/E06,BE/QA,旧库/损坏/中断恢复演练通过,代码实现与专项回归通过；同源六组统一门禁全部通过（go/race/web/static/security/release-tools）；用户实机验收不计入自动化通过,implementation/phase2-projects.md；implementation/evidence/phase2-verification-results.json,实施方,待用户验收：真机/真实外部服务或正式部署适用项；不代替代码门禁
S05,M3/M4,同事可靠delivery/outbox与离线重试,SYS-05,B00后；B00本身无前置,B05/B01,BE/FE,每收件人ACK/重试不丢不重,代码实现与专项回归通过；同源六组统一门禁全部通过（go/race/web/static/security/release-tools）；用户实机验收不计入自动化通过,implementation/phase2-system.md；implementation/evidence/phase2-verification-results.json,实施方,待用户验收：真机/真实外部服务或正式部署适用项；不代替代码门禁
S06,M3/M4,组织scope与个人数据隔离,CPA-16,B00后；B00本身无前置,B02/P02,BE/SEC,解析失败不全量；已知ID越界拒绝,代码实现与专项回归通过；同源六组统一门禁全部通过（go/race/web/static/security/release-tools）；用户实机验收不计入自动化通过,implementation/phase2-projects.md；implementation/evidence/phase2-verification-results.json；implementation/phase2-org-lifecycle.md,实施方,待用户验收：真机/真实外部服务或正式部署适用项；不代替代码门禁
S07,M3/M4,自动化/连接器/记忆/MRO补齐深度与场景,低置信模块,B00后；B00本身无前置,S02/S03/S06,QA/BE,真值/重复触发/来源失效矩阵通过,代码实现与专项回归通过；同源六组统一门禁全部通过（go/race/web/static/security/release-tools）；用户实机验收不计入自动化通过,implementation/phase2-verification.md；implementation/phase2-mro-pagination.md；implementation/evidence/phase2-verification-results.json,实施方,待用户验收：真机/真实外部服务或正式部署适用项；不代替代码门禁
S08,M3/M4,热点职责拆分、移除重复路径与文档更新,架构指标；SYS-10,B00后；B00本身无前置,G-fixes,TL/FE/BE,不改变已验收行为，依赖方向与接口清晰,代码实现与专项回归通过；同源六组统一门禁全部通过（go/race/web/static/security/release-tools）；用户实机验收不计入自动化通过,implementation/phase2-architecture.md；implementation/evidence/phase2-verification-results.json,实施方,无；架构与文档由实施方完成
Q01,M5,全故障/契约/迁移/全库race持续门禁,全部,B00后；B00本身无前置,B00后建设；G-core后退出,QA/BE,未解决反例0，所有必需门禁通过,同源六组完整回执全部通过；Go 4766 个测试/子测试、全库 race 4758 个测试/子测试、前端 1668 项通过；Go/race 各28项跳过独立列出，不计为通过；汇总不授予实机或质量评分,implementation/phase2-verification.md；implementation/evidence/phase2-verification-results.json,实施方,无；全量自动化由实施方完成
Q02,M5,三语音/会议/桌面/DB/扩展及网络/文件边界真机矩阵,全部；CPA-21/23,B00后；B00本身无前置,G-core/Q01,QA,支持范围每条关键链有真实证据,设备与供应商验收工具/矩阵已交付；同源六组统一门禁全部通过（go/race/web/static/security/release-tools）；用户实机验收不计入自动化通过；真实设备/现场矩阵仍待用户执行，整项人工退出条件未验收,implementation/phase2-release.md；implementation/evidence/phase2-verification-results.json,实施方,待用户验收：真机/真实外部服务或正式部署适用项；不代替代码门禁
Q03,M5/M6,性能、72h稳定性与14天观察,可靠性,B00后；B00本身无前置,Q01/Q02/Q04,QA/TL,第10节指标逐项达标；M6完成逐模块复评分,长稳采样工具和 pending 证据模板已交付；同源六组统一门禁全部通过（go/race/web/static/security/release-tools）；用户实机验收不计入自动化通过；性能/72h/14天/3000操作仍待用户执行，不授予实机达标结论,implementation/phase2-release.md；implementation/evidence/phase2-verification-results.json,实施方,待用户验收：真机/真实外部服务或正式部署适用项；不代替代码门禁
Q04,M5,单一候选发布流水线、签名与安装生命周期,SYS-10,B00后；B00本身无前置,Q01/Q02/S04,TL/QA,候选构建同commit安装与签名证据齐全，交Q03观察,发布工具与同源六组统一门禁全部通过；完整未签名 NSIS 候选 upgrade-20260906-r2 构建及独立核验通过（24986006 字节）；正式签名/真实安装更新卸载仍待用户验收,implementation/phase2-release.md；implementation/evidence/phase2-verification-results.json,实施方,待用户验收：真机/真实外部服务或正式部署适用项；不代替代码门禁
